company,title,location,job_url,site
PayPal,"Account Representative, SMB Outbound Sales","Dublin, D, IE",https://ie.indeed.com/viewjob?jk=6767f52541a09580,indeed
LearnUpon,Sales Development Representative,"Dublin, D, IE",https://ie.indeed.com/viewjob?jk=e7b2dbce363555c9,indeed
Meta,"Associate General Counsel, Litigation, EMEA","Dublin, D, IE",https://ie.indeed.com/viewjob?jk=74f99887f5ce1ea2,indeed
beqom,Business Development Representative (BDR),"DUBLIN 2, D, IE",https://ie.indeed.com/viewjob?jk=f9693a3b14debd9d,indeed
Würth,Mobile Shop Assistant - Sandyford and Ballymount Stores,"Dublin, D, IE",https://ie.indeed.com/viewjob?jk=94c09f1b9f742154,indeed
Würth,Shop Assistant - Wurth Finglas Dublin,"Dublin, D, IE",https://ie.indeed.com/viewjob?jk=5cfd23b7d5d8ee42,indeed
Qualtrics,Account Executive 5 - Research Services,"Dublin, D, IE",https://ie.indeed.com/viewjob?jk=a0b6fa64ddf44211,indeed
Workday,Business Development Representative (French Speaker),"Dublin, D, IE",https://ie.indeed.com/viewjob?jk=3e24f4d6860805b3,indeed
ABC Fitness,Sales Development Representative,"Dublin, D, IE",https://ie.indeed.com/viewjob?jk=df3506cef0890db8,indeed
Salesforce,Business Development Rep,"Dublin, D, IE",https://ie.indeed.com/viewjob?jk=3d4f1e54b9e77f82,indeed
Field Management Ireland,Field Sales Representatives - Dundalk,"Dundalk, LH, IE",https://ie.indeed.com/viewjob?jk=a1ae2acf60eee639,indeed
LearnUpon,Sales Development Representative,"Dublin, D, IE",https://ie.indeed.com/viewjob?jk=32e0dfc99314700e,indeed
CodeRabbit,"Sales Development Representative, Europe","Dublin, D, IE",https://ie.indeed.com/viewjob?jk=e22141bdcb0c223e,indeed
Salesforce,Commercial Graduate Sales Path-Italian Market,"Dublin, D, IE",https://ie.indeed.com/viewjob?jk=481de2ae6738e8c9,indeed
Salesforce,Commercial Graduate Sales Path - Spanish Market,"Dublin, D, IE",https://ie.indeed.com/viewjob?jk=bd8039bc1482f4fb,indeed
Salesforce,Commercial Graduate Sales Path - Iberian Market,"Dublin, D, IE",https://ie.indeed.com/viewjob?jk=2331a72f3bc45633,indeed
Salesforce,Commercial Graduate Program Sales – French Market (August Start),"Dublin, D, IE",https://ie.indeed.com/viewjob?jk=0d0e43c3d9984489,indeed
Rippling,"Sales Development Representative, Outbound - Nordic","DUBLIN 2, D, IE",https://ie.indeed.com/viewjob?jk=93ee85bdce6b239c,indeed
Procore,Enterprise Sales Development Representative | French Speaking,"DUBLIN 2, D, IE",https://ie.indeed.com/viewjob?jk=177e8a1a1e745cac,indeed
ISME - Irish Small & Medium Enterprise Association,Inside Sales Executive,"Dublin, D, IE",https://ie.indeed.com/viewjob?jk=03f9eef688898dc8,indeed
Intercom,Sales Development Coordinator - (French or German Speaking) - 6 Month FTC New,"Dublin, D, IE",https://ie.indeed.com/viewjob?jk=0e6c41013c099207,indeed
Adrian Dunne Pharmacy Group,Healthcare Advisor -Rush - Sat role,"Rush, D, IE",https://ie.indeed.com/viewjob?jk=c0714221b280b940,indeed
Edgetier,Business Development Representative,"Dublin, D, IE",https://ie.indeed.com/viewjob?jk=459d0c0af00b34e9,indeed
Tines,Account Executive,"Dublin, D, IE",https://ie.indeed.com/viewjob?jk=63ed3de048a6736c,indeed
EMG Sales,Sales Representative – EMG Sales €600 per week + Uncapped Commission,"Bailieborough, CN, IE",https://ie.indeed.com/viewjob?jk=780d038851df8881,indeed
King Communications.,Vodafone Field Sales Representative,"Maynooth, KE, IE",https://ie.indeed.com/viewjob?jk=89350967204a3399,indeed
Meta,"Associate General Counsel, Civil Litigation","Dublin, D, IE",https://ie.indeed.com/viewjob?jk=2db58824ceea0199,indeed
Groupon,Business Development Representative,"Dublin, D, IE",https://ie.indeed.com/viewjob?jk=b428080210f8d076,indeed
NJB Packaging,Technical Sales Representative,"Maynooth, KE, IE",https://ie.indeed.com/viewjob?jk=7772f6da6295b51b,indeed
Salesforce,Commercial Graduate Sales Path - Dutch Market,"Dublin, D, IE",https://ie.indeed.com/viewjob?jk=f16b3f5b392123b7,indeed
HubSpot,Corporate Business Development Representative,"Dublin, County Dublin, Ireland",https://www.linkedin.com/jobs/view/4302565371,linkedin
Vanta,Business Development Representative,"Dublin, County Dublin, Ireland",https://www.linkedin.com/jobs/view/4328541259,linkedin
Vanta,Business Development Representative - Nordics,"Dublin, County Dublin, Ireland",https://www.linkedin.com/jobs/view/4328461176,linkedin
Square,Business Development Representative Associate,"Dublin, County Dublin, Ireland",https://www.linkedin.com/jobs/view/4350177329,linkedin
Okta,Sales Development Representative - Italian,"Dublin, County Dublin, Ireland",https://www.linkedin.com/jobs/view/4348583222,linkedin
ServiceNow,Business Development Representative - Swedish Speaker,"Dublin, County Dublin, Ireland",https://www.linkedin.com/jobs/view/4351707283,linkedin
Stripe,UKI Sales Development Representative,"Dublin, County Dublin, Ireland",https://www.linkedin.com/jobs/view/4358965028,linkedin
CodeRabbit,"Sales Development Representative, Europe","Dublin, County Dublin, Ireland",https://www.linkedin.com/jobs/view/4367374611,linkedin
LearnUpon,Sales Development Representative,"Dublin, County Dublin, Ireland",https://www.linkedin.com/jobs/view/4367269985,linkedin
Datadog,Sales Development Representative - Italy,"Dublin, County Dublin, Ireland",https://www.linkedin.com/jobs/view/4359401857,linkedin
ClickUp,Sales Development Representative (EMEA),"Dublin, County Dublin, Ireland",https://www.linkedin.com/jobs/view/4367273347,linkedin
Salesforce,Business Development Rep,"Dublin, County Dublin, Ireland",https://www.linkedin.com/jobs/view/4367266306,linkedin
Stripe,Sales Development Representative (Dutch-speaking),"Dublin, County Dublin, Ireland",https://www.linkedin.com/jobs/view/4367459600,linkedin
Access Healthcare,Start a Career in Recruitment – No experience? No Problem,"Dublin, County Dublin, Ireland",https://www.linkedin.com/jobs/view/4367472950,linkedin
Quantcast,Sales Development Representative,"Dublin, County Dublin, Ireland",https://www.linkedin.com/jobs/view/4324552412,linkedin
Clio,Sales Development Representative,"Dublin, County Dublin, Ireland",https://www.linkedin.com/jobs/view/4331202491,linkedin
Rippling,"Sales Development Representative, Outbound - Nordic","Dublin, County Dublin, Ireland",https://www.linkedin.com/jobs/view/4367365239,linkedin
EdgeTier,Business Development Representative,"Dublin, County Dublin, Ireland",https://www.linkedin.com/jobs/view/4366765654,linkedin
Salesforce,Commercial Graduate Program Sales – French Market (August Start),"Dublin, County Dublin, Ireland",https://www.linkedin.com/jobs/view/4367189608,linkedin
Stripe,"Sales Development Representative, Spanish","Dublin, County Dublin, Ireland",https://www.linkedin.com/jobs/view/4358126031,linkedin
"FBD Consulting, LLC",Sales Development Co-ordinator - Drumcondra,"Drumconrath, County Meath, Ireland",https://www.linkedin.com/jobs/view/4366456010,linkedin
Asana,"Sales Development Representative, German Speaking","Dublin, County Dublin, Ireland",https://www.linkedin.com/jobs/view/4344081350,linkedin
BMC Software,Express your interest for upcoming BDR openings with BMC - Ireland or Spain,"Dublin, County Dublin, Ireland",https://www.linkedin.com/jobs/view/4351794398,linkedin
Accenture UK & Ireland,Inside Sales Account Representative - German speaker,"Dublin, County Dublin, Ireland",https://www.linkedin.com/jobs/view/4356420173,linkedin
FBD Insurance,Sales Development Co-ordinator - Drumcondra,"Dublin, County Dublin, Ireland",https://www.linkedin.com/jobs/view/4365992661,linkedin
MongoDB,"Account Development Representative, Spanish & Portuguese Speaking","Dublin, County Dublin, Ireland",https://www.linkedin.com/jobs/view/4358223312,linkedin
MongoDB,"Account Development Representative, German Speaking","Dublin, County Dublin, Ireland",https://www.linkedin.com/jobs/view/4354621665,linkedin
Gong,"Sales Development Representative, UKI","Dublin, County Dublin, Ireland",https://www.linkedin.com/jobs/view/4334816671,linkedin
FastSpring,Sales Development Representative - EMEA,"Dublin, County Dublin, Ireland",https://www.linkedin.com/jobs/view/4271541026,linkedin
Notion,"Business Development Representative, Southern Europe (Spanish/Italian)","Dublin, County Dublin, Ireland",https://www.linkedin.com/jobs/view/4360793468,linkedin
Procore Technologies,Sales Development Representative | Nordics,"Dublin, County Dublin, Ireland",https://www.linkedin.com/jobs/view/4361203210,linkedin
The Pokémon Company International,Product Support Associate (Organised Play),"Dublin, D, IE",https://ie.indeed.com/viewjob?jk=1b68b3b87f4ef096,indeed
Incorporated Orthopaedic Hospital Of Ireland,Interim Chief Operations Officer,"Dublin, D, IE",https://ie.indeed.com/viewjob?jk=e0179fb70b644f96,indeed
Gategroup,Customer Service Representative (Fixed Term),"Dublin, D, IE",https://ie.indeed.com/viewjob?jk=79b7aa3af0198c5b,indeed
Cunningham Contracts,H&S Officer,"Dún Laoghaire, D, IE",https://ie.indeed.com/viewjob?jk=1f4a85a181060687,indeed
StoryToys,UX Designer,"Dublin, D, IE",https://ie.indeed.com/viewjob?jk=a82aba20cd117e04,indeed
Teagasc,Health & Safety Co-ordinator,"DUBLIN 15, D, IE",https://ie.indeed.com/viewjob?jk=3c780ae07d72ea67,indeed
BearingPoint Ireland,Product Owner,"Dublin, D, IE",https://ie.indeed.com/viewjob?jk=763907e7c1f9a2f1,indeed
Turner & Townsend Pty Limited,Governance Co-Ordinator,"Dublin, D, IE",https://ie.indeed.com/viewjob?jk=77f250255cc0c351,indeed
Mercury Engineering,Business Strategy Graduate,"Dublin, D, IE",https://ie.indeed.com/viewjob?jk=6e8de31d135b2541,indeed
Syneos Health,Sr/Pr Biostatistician - Immunology & Inflammation (Europe and LATAM ONLY),"DUBLIN 1, D, IE",https://ie.indeed.com/viewjob?jk=4e01a043930a525b,indeed
サイネオス・ヘルス,Sr/Pr Biostatistician - Immunology & Inflammation (Europe and LATAM ONLY),"Dublin, D, IE",https://ie.indeed.com/viewjob?jk=54f4d0ac937ec359,indeed
Musgrave,Customer Service/Telesales Executive,"Dublin, D, IE",https://ie.indeed.com/viewjob?jk=304ada7da58c006b,indeed
Musgrave,Customer Service/Telesales Executive,"Dublin, D, IE",https://ie.indeed.com/viewjob?jk=301573ccab983592,indeed
Vanta,Business Development Representative [Hebrew Fluency],"Dublin, County Dublin, Ireland",https://www.linkedin.com/jobs/view/4328511215,linkedin
Brightwater Recruitment,Business Development Representative,"Dublin, County Dublin, Ireland",https://www.linkedin.com/jobs/view/4367476661,linkedin
beqom,Business Development Representative (BDR),"Dublin 2, County Dublin, Ireland",https://www.linkedin.com/jobs/view/4356841124,linkedin
Tangent,Dublin Entry level Sales (full time salary + commission),"Dublin, County Dublin, Ireland",https://www.linkedin.com/jobs/view/4367422582,linkedin
Cohesity,"Inside Sales Representative, France",,https://www.linkedin.com/jobs/view/4367451892,linkedin
Workday,Business Development Representative (French Speaker),"Dublin, County Dublin, Ireland",https://www.linkedin.com/jobs/view/4356811432,linkedin
Collins McNicholas Recruitment & HR Services Group,Business Development Representative,"County Dublin, Ireland",https://www.linkedin.com/jobs/view/4367114479,linkedin
Salesforce,Commercial Graduate Sales Path - Spanish Market,"Dublin, County Dublin, Ireland",https://www.linkedin.com/jobs/view/4367185567,linkedin
Trustap,Business Development Representative,"Dublin, County Dublin, Ireland",https://www.linkedin.com/jobs/view/4366737950,linkedin
Asana,"Business Development Representative, German Speaking","Dublin, County Dublin, Ireland",https://www.linkedin.com/jobs/view/4344181043,linkedin
Groupon,Business Development Representative,"Dublin, County Dublin, Ireland",https://www.linkedin.com/jobs/view/4356202430,linkedin
Tangent,Entry-level Sales Role at VC-backed startup (€30-50k base salary),"Dublin, County Dublin, Ireland",https://www.linkedin.com/jobs/view/4366361635,linkedin
Tangent,Graduate Sales Role at Dublin Tech Company (€30-50k base salary + Hybrid),"Dublin, County Dublin, Ireland",https://www.linkedin.com/jobs/view/4366375228,linkedin
Allianz,Business Development Executive - Retail,"Dublin, County Dublin, Ireland",https://www.linkedin.com/jobs/view/4366359997,linkedin
New Relic,Business Development Representative (Outbound),"Dublin, County Dublin, Ireland",https://www.linkedin.com/jobs/view/4335205010,linkedin
Okta,Sales Development Representative - German,"Dublin, County Dublin, Ireland",https://www.linkedin.com/jobs/view/4351146358,linkedin
Salesforce,Graduate Program - Solution Engineering – French Market (August Start),"Dublin, D, IE",https://ie.indeed.com/viewjob?jk=0c68c61f5ec82c80,indeed
Access Healthcare,Business Development – Launch Your Sales Career,"Dublin, County Dublin, Ireland",https://www.linkedin.com/jobs/view/4365529495,linkedin
Access Healthcare,Grow Faster | Backed by the Right Team,"Dublin, County Dublin, Ireland",https://www.linkedin.com/jobs/view/4367108547,linkedin
Salesforce,Commercial Graduate Sales Path - Iberian Market,"Dublin, County Dublin, Ireland",https://www.linkedin.com/jobs/view/4367189612,linkedin
Salesforce,Commercial Graduate Sales Path-Italian Market,"Dublin, County Dublin, Ireland",https://www.linkedin.com/jobs/view/4367177630,linkedin
Salesforce,Graduate Program - Solution Engineering – French Market (August Start),"Dublin, County Dublin, Ireland",https://www.linkedin.com/jobs/view/4367186541,linkedin
Access Healthcare,Let Results Drive Your Career - Join Us!,"Dublin, County Dublin, Ireland",https://www.linkedin.com/jobs/view/4366701986,linkedin
Access Healthcare,From Early Sales to Account Management | Build the Next Version of You,"Dublin, County Dublin, Ireland",https://www.linkedin.com/jobs/view/4366603126,linkedin
Salesforce,Commercial Graduate Sales Path - Dutch Market,"Dublin, County Dublin, Ireland",https://www.linkedin.com/jobs/view/4366319882,linkedin
AVI-SPL,Audiovisual Design Engineer,"Farnborough, ENG, GB",https://uk.indeed.com/viewjob?jk=7f8dd2d8b6c40dc2,indeed
MetricStream,Sales Development Representative- UK,"London, ENG, GB",https://uk.indeed.com/viewjob?jk=a1f7e558dd9688ea,indeed
Abatable,Sales Development Representative,"London, ENG, GB",https://uk.indeed.com/viewjob?jk=d928536a6dc0635e,indeed
SPHERE,Sales Development Rep/SDR (UK Fintech),"London, ENG, GB",https://uk.indeed.com/viewjob?jk=2346fc607e820c7f,indeed
Howdens,Territory Sales Representative,"Kentish Town, ENG, GB",https://uk.indeed.com/viewjob?jk=200a56ea99690322,indeed
Pib Group,Customer Service Representative,"Croydon, ENG, GB",https://uk.indeed.com/viewjob?jk=b22df03168e4ed6c,indeed
Hiring Hub,Sales Development Representative - Bracknell,"Bracknell, ENG, GB",https://uk.indeed.com/viewjob?jk=09b590c72b848107,indeed
CHAMBERS & PARTNERS,Sales Development Representative,"London, ENG, GB",https://uk.indeed.com/viewjob?jk=766b3ae261a1a966,indeed
REST Renewable Energy Services Team,Solar PV Field Sales Representative,"Reading, ENG, GB",https://uk.indeed.com/viewjob?jk=679e200d95e9ff3f,indeed
REST Renewable Energy Services Team,Solar PV Field Sales Representative,"Cambridge, ENG, GB",https://uk.indeed.com/viewjob?jk=7e5e4e2e0704b83b,indeed
Flourish,Business Development Representative (HF1315832),"London, ENG, GB",https://uk.indeed.com/viewjob?jk=79cb7e5d4c5c2ce2,indeed
Anaplan,Major Account Executive,"London, ENG, GB",https://uk.indeed.com/viewjob?jk=b279c6bf4a242674,indeed
Flagright,Sales Development Representative (Fresh Grad) - London,"London, ENG, GB",https://uk.indeed.com/viewjob?jk=2727f6c05ee61a01,indeed
Flagright,Sales Development Representative - London,"London, ENG, GB",https://uk.indeed.com/viewjob?jk=2ddc10460c1f4ebd,indeed
Varonis Systems,Sales Development Representative (French Speaking),"London, ENG, GB",https://uk.indeed.com/viewjob?jk=1b708c8c5c6cc8d5,indeed
Brizn Limited,Junior Sales Representative,"Erith, ENG, GB",https://uk.indeed.com/viewjob?jk=751d4ada4f17af87,indeed
OpenTable,Sales Development Representative - German Speaking,"London, ENG, GB",https://uk.indeed.com/viewjob?jk=e9738973cca89605,indeed
Flywire,Business Development Representative,"London, ENG, GB",https://uk.indeed.com/viewjob?jk=afe84fd380a38ef1,indeed
Buffalo Machines Limited,Construction Machinery Sales Representative,"Ashford, ENG, GB",https://uk.indeed.com/viewjob?jk=fde1ad1b35e58b06,indeed
Longdan Supermaket,Sales Executive,"Leyton, ENG, GB",https://uk.indeed.com/viewjob?jk=f3b61eaf6dc475ef,indeed
Sigma Computing,Solution Engineer (EMEA),"London, ENG, GB",https://uk.indeed.com/viewjob?jk=427997a20a8231ed,indeed
STACKS,Business Development Representative - Mid Market & Enterprise,"London, ENG, GB",https://uk.indeed.com/viewjob?jk=9cf0f5e18a8b1e58,indeed
1of1 marketing,Sales Representative,"Taplow, ENG, GB",https://uk.indeed.com/viewjob?jk=36a2814e7ea0eaf0,indeed
1of1 marketing,Sales Representative,"London, ENG, GB",https://uk.indeed.com/viewjob?jk=feb04e0f9fd7560c,indeed
Lumon Pay,Sales Development Representative,"London, ENG, GB",https://uk.indeed.com/viewjob?jk=8843e611b77211a1,indeed
GAMMA,Sales Development Representative (SDR) - Cyber Security Channel Sales,"London, ENG, GB",https://uk.indeed.com/viewjob?jk=c574b1087d938117,indeed
Blackhawk Network,Inside Sales Representative,"Hemel Hempstead, ENG, GB",https://uk.indeed.com/viewjob?jk=af3af7a7aa24f1e6,indeed
Blackhawk Network,Inside Sales Representative,"Hemel Hempstead, ENG, GB",https://uk.indeed.com/viewjob?jk=1b710454ca3185f1,indeed
LexisNexis Risk Solutions,Marketing Development Representative (German Speaking),"London, ENG, GB",https://uk.indeed.com/viewjob?jk=69c6198547a4569b,indeed
Nationwide Building Society,Customer Representative - Maidstone,"Maidstone, ENG, GB",https://uk.indeed.com/viewjob?jk=b6817cc839d3d790,indeed
St Giles Eastbourne,Sales Representative for Turkey & MENA,"Brighton, ENG, GB",https://uk.indeed.com/viewjob?jk=d744c60242e6597b,indeed
SugarCRM,Account Executive – UK & Ireland,"London, ENG, GB",https://uk.indeed.com/viewjob?jk=f53e4a6f2967ed01,indeed
PEI Group,Business Development Representative,"London, ENG, GB",https://uk.indeed.com/viewjob?jk=6fb5a6ce731e748c,indeed
AlphaSense,Sales Development Representative (French or German Speaking),"London, ENG, GB",https://uk.indeed.com/viewjob?jk=f26e0f77caebcc27,indeed
AlphaSense,Sales Development Representative,"London, ENG, GB",https://uk.indeed.com/viewjob?jk=a9be091cf253fd54,indeed
Flourish,Sales Development Representative (HF1315832),"London, ENG, GB",https://uk.indeed.com/viewjob?jk=cdfd65d329ff1000,indeed
Howdens,Business Developer,"Worthing, ENG, GB",https://uk.indeed.com/viewjob?jk=ff0aac1d676a5598,indeed
PEI Group,Business Development Representative,"London, ENG, GB",https://uk.indeed.com/viewjob?jk=d5c75c263079b3bc,indeed
Contentful,Mid Market Business Development Representative (f/m/d),"London, ENG, GB",https://uk.indeed.com/viewjob?jk=269b3dc2f9f2aa76,indeed
Lightspeed,Account Executive,"London, ENG, GB",https://uk.indeed.com/viewjob?jk=8a1327e9f9c42d10,indeed
QA,Sales Development Representative (SDR),"London, ENG, GB",https://uk.indeed.com/viewjob?jk=f86131c96f2fbd2b,indeed
QA,Sales Development Representative (SDR),"London, ENG, GB",https://uk.indeed.com/viewjob?jk=8a7b41005f6f9e35,indeed
This Is Prime,Graduate Sales Development Representative,"London, England, UK",https://www.linkedin.com/jobs/view/4366856852,linkedin
Port.io,"Sales Development Representative, EMEA","London, England, UK",https://www.linkedin.com/jobs/view/4362510442,linkedin
Apprentify,Sales Development Representative (HF1315632),"London, England, UK",https://www.linkedin.com/jobs/view/4367554993,linkedin
Prime,Business Development Representative,"London, England, UK",https://www.linkedin.com/jobs/view/4367567605,linkedin
Cresta,"Sales Development Representative, London","London, England, UK",https://www.linkedin.com/jobs/view/4359791952,linkedin
Varonis,Sales Development Representative,"London, England, UK",https://www.linkedin.com/jobs/view/4297615042,linkedin
BettingJobs,Sales Development Representative,"London Area, United Kingdom",https://www.linkedin.com/jobs/view/4356519907,linkedin
Thomson Reuters,Sales Development Representative,"London, England, UK",https://www.linkedin.com/jobs/view/4367231561,linkedin
Profectus Recruitment,Sales Development Representative,"Reading, England, UK",https://www.linkedin.com/jobs/view/4367261273,linkedin
Cisco,"Sales Development Representative – EMEA Field Team, London","London, England, UK",https://www.linkedin.com/jobs/view/4339257230,linkedin
EngageTech,Italian Speaking Sales Development Representative,"London, England, UK",https://www.linkedin.com/jobs/view/4367258358,linkedin
Penfold,Sales Development Representative – Partnerships,"London Area, United Kingdom",https://www.linkedin.com/jobs/view/4367484748,linkedin
Flourish,Sales Development Representative (HF1315832),"London Area, United Kingdom",https://www.linkedin.com/jobs/view/4367475795,linkedin
AlphaSense,Sales Development Representative,"London, England, UK",https://www.linkedin.com/jobs/view/4367458977,linkedin
ByteDance,"Sales Development Representative (AI), BytePlus","London, England, UK",https://www.linkedin.com/jobs/view/4366596563,linkedin
S&P Global,Sales Development Representative,"London, England, UK",https://www.linkedin.com/jobs/view/4367014306,linkedin
Heidi,Sales Development Representative,"London, England, UK",https://www.linkedin.com/jobs/view/4366962335,linkedin
FiscalNote,"Sales Development Representative, FrontierView","London, England, UK",https://www.linkedin.com/jobs/view/4367318422,linkedin
Xelix,Sales Development Representative,"London, England, UK",https://www.linkedin.com/jobs/view/4367131642,linkedin
Nuvei,Sales Development Representative,"London, England, UK",https://www.linkedin.com/jobs/view/4366439230,linkedin
Oracle,Sales Development Representative,"London, England, UK",https://www.linkedin.com/jobs/view/4366762820,linkedin
Addition,Sales Development Representative,"New Malden, England, UK",https://www.linkedin.com/jobs/view/4366464134,linkedin
INSTANDA,Sales Development Representative,"London, England, UK",https://www.linkedin.com/jobs/view/4366908473,linkedin
Apprentify,Entry-Level Sales Development Representative (HF1281066),"London, England, UK",https://www.linkedin.com/jobs/view/4366475849,linkedin
Samsara,Account Development Representative - UK,"London, England, UK",https://www.linkedin.com/jobs/view/4138320899,linkedin
"Halian | Managed Services, Recruitment Agency & Contract Staffing",Sales Development Representative,"London Area, United Kingdom",https://www.linkedin.com/jobs/view/4366438647,linkedin
Searchland,Sales Development Representative - Buildscout,"London, England, UK",https://www.linkedin.com/jobs/view/4367345809,linkedin
Oracle,Sales Development Representative,"Reading, England, UK",https://www.linkedin.com/jobs/view/4366763767,linkedin
BrightEdge,London Sales Development Representative,"London Area, United Kingdom",https://www.linkedin.com/jobs/view/3819595098,linkedin
Green Street,Sales Development Representative,"London, England, UK",https://www.linkedin.com/jobs/view/4330734639,linkedin
Pareto,Sales Development Rep,"Milton Keynes, England, UK",https://www.linkedin.com/jobs/view/4366486751,linkedin
Epassi,Sales Development Representative,"Leatherhead, England, UK",https://www.linkedin.com/jobs/view/4343976150,linkedin
Awin Global,Sales Development Representative,"London, England, UK",https://www.linkedin.com/jobs/view/4302333713,linkedin
Abatable,Sales Development Representative,"London, England, UK",https://www.linkedin.com/jobs/view/4368394374,linkedin
payabl.,Sales Development Representative (Banking),"London, England, UK",https://www.linkedin.com/jobs/view/4368324591,linkedin
Flagright,Sales Development Representative (Fresh Grad) - London,"London, England, UK",https://www.linkedin.com/jobs/view/4367887671,linkedin
Flagright,Sales Development Representative - London,"London, England, UK",https://www.linkedin.com/jobs/view/4367898343,linkedin
Venchr,"Sales Development Representative – Shape the Future of Music & Creativity - Hybrid - £40,000–£60,000 base + commission","London Area, United Kingdom",https://www.linkedin.com/jobs/view/4331090088,linkedin
This Is Prime,Graduate Sales Development Representative,"London Area, United Kingdom",https://www.linkedin.com/jobs/view/4367828043,linkedin
Reward,Sales Development Representative,"London Area, United Kingdom",https://www.linkedin.com/jobs/view/4359466622,linkedin
fulfilment.com,Sales Development Representative,"Amersham, England, UK",https://www.linkedin.com/jobs/view/4368366361,linkedin
Jobster,Sales Development Representative - Remote - £40K Base - WUNDERTALENT,"City Of London, England, UK",https://www.linkedin.com/jobs/view/4367876735,linkedin
William Hill,Customer Service Representative,"London, ENG, GB",https://uk.indeed.com/viewjob?jk=acd8b00a48266a07,indeed
William Hill,Customer Service Representative,"Epsom, ENG, GB",https://uk.indeed.com/viewjob?jk=a1dde6739cc66481,indeed
William Hill,Customer Service Representative,"Ashford, ENG, GB",https://uk.indeed.com/viewjob?jk=a3e3c39cfdd34fa3,indeed
William Hill,Customer Service Representative,"Cranham, ENG, GB",https://uk.indeed.com/viewjob?jk=fdc301908a16019b,indeed
TUI Group,Customer Experience Airport Representative,"Gatwick Airport, ENG, GB",https://uk.indeed.com/viewjob?jk=f20b254d5938f89d,indeed
RELX Group,Marketing Development Representative (German Speaking),"London, ENG, GB",https://uk.indeed.com/viewjob?jk=66caa1d11611cd2e,indeed
SeedLegals,Customer Support Representative,"London, ENG, GB",https://uk.indeed.com/viewjob?jk=d0bec7feacc21c55,indeed
Flourish,Business Development Representative (HF1315632),"London, ENG, GB",https://uk.indeed.com/viewjob?jk=0007a406cf9759d4,indeed
Stacks,Business Development Representative - Mid Market & Enterprise,"London, England, UK",https://www.linkedin.com/jobs/view/4368116934,linkedin
Iterable,Business Development Representative,"London, England, UK",https://www.linkedin.com/jobs/view/4315511028,linkedin
Fenergo,Enterprise Business Development Representative,"London, England, UK",https://www.linkedin.com/jobs/view/4321076247,linkedin
Apprentify,Business Development Representative (HF1315632),"London, England, UK",https://www.linkedin.com/jobs/view/4367562927,linkedin
Disaster Care Capital,Business Development Representative (BDR),"Greater London, England, UK",https://www.linkedin.com/jobs/view/4367573208,linkedin
Square,Business Development Associate,"London, England, UK",https://www.linkedin.com/jobs/view/4356711758,linkedin
CloudBees,Business Development Representative,"London, England, UK",https://www.linkedin.com/jobs/view/4344934490,linkedin
Consult,Business Development Representative,"London Area, United Kingdom",https://www.linkedin.com/jobs/view/4367425802,linkedin
Lucid Connect Ltd,Business Development Representative,"Reading, England, UK",https://www.linkedin.com/jobs/view/4356730472,linkedin
The Sales People,Business Development Representative,"London Area, United Kingdom",https://www.linkedin.com/jobs/view/4356861023,linkedin
Fresha,Business Development Executive (London),"London, England, UK",https://www.linkedin.com/jobs/view/4157173706,linkedin
BlueMatrix,Business Development Representative,"London, England, UK",https://www.linkedin.com/jobs/view/4367307008,linkedin
Exiger,Business Development Representative,"London, England, UK",https://www.linkedin.com/jobs/view/4283059922,linkedin
Dandy,Founding Business Development Representative (BDR) – UK,"London, England, UK",https://www.linkedin.com/jobs/view/4344116520,linkedin
TeamFeePay,Business Development Representative - Kent (Remote) (Remote),"Maidstone, England, UK",https://www.linkedin.com/jobs/view/4366464452,linkedin
Quadient,"Sales Development Representative - English - Location, UK","London, England, UK",https://www.linkedin.com/jobs/view/4330605901,linkedin
Apprentify,Entry Level Sales Development Representative (HF1281080),"London, England, UK",https://www.linkedin.com/jobs/view/4366483427,linkedin
Ben,Business Development Representative,"London, England, UK",https://www.linkedin.com/jobs/view/4366636104,linkedin
James Adams,Business Development Representative,"London Area, United Kingdom",https://www.linkedin.com/jobs/view/4355937885,linkedin
Propel,Sales Development Representative,"London Area, United Kingdom",https://www.linkedin.com/jobs/view/4366334960,linkedin
Ben,Business Development Representative,"Greater London, England, UK",https://www.linkedin.com/jobs/view/4356184063,linkedin
ZoomInfo,Sales Development Representative,"London, England, UK",https://www.linkedin.com/jobs/view/4356202585,linkedin
Venatrix,Sales Development Representative,"London Area, United Kingdom",https://www.linkedin.com/jobs/view/4366328475,linkedin
Flywire,Business Development Representative,"London, England, UK",https://www.linkedin.com/jobs/view/4368189256,linkedin
Lenkie,Business Development Representative,"London, England, UK",https://www.linkedin.com/jobs/view/4368352719,linkedin
Docebo,Business Development Representative,"London, England, UK",https://www.linkedin.com/jobs/view/4360753615,linkedin
Furza,Business Development Representative - London,"London Area, United Kingdom",https://www.linkedin.com/jobs/view/4367813869,linkedin
Netcore,Sales Development Representative - UK,"London Area, United Kingdom",https://www.linkedin.com/jobs/view/4357424046,linkedin
Jobster,Founding Business Development Representative (BDR) at VC Backed Startup (£40-80k OTE) - Jumpstart,"London, England, UK",https://www.linkedin.com/jobs/view/4367862388,linkedin
Tungsten Automation,Business Development Representative,"London, England, UK",https://www.linkedin.com/jobs/view/4328475606,linkedin
